mean_fit_time,std_fit_time,mean_score_time,std_score_time,param_clf__C,mean_test_neg_cost,std_test_neg_cost,mean_test_roc_auc,std_test_roc_auc
2608.512184906006,198.26083498648546,1.2251989364624023,0.057215303516874726,0.01,,,0.745425289795888,0.004639925470842365
3470.5400094509123,12.010628210616792,1.5655329704284668,0.12879163192390095,0.05,,,0.7455077943433872,0.004607511630535659
3592.7251581192018,97.83032702977725,1.7257156848907471,0.3019946519528596,0.1,,,0.7455056832385779,0.0046025923633533665
3733.7165590286254,24.610119276338278,2.2117828845977785,0.2632665668942941,0.5,,,0.7455017845123277,0.0046000483736052845
3657.3375059127807,212.60898072946586,2.9123815536499023,1.8972361985191433,1.0,,,0.7455006188816912,0.004600101295570341
3087.6416893959045,187.85180128262,1.397426462173462,0.37184550280884415,2.0,,,0.7454999869069839,0.0046000834882028606
2739.279506492615,26.747931846674945,0.9022951126098633,0.15424376251212152,5.0,,,0.7454999448722549,0.004600076005141698
